PAYMENT_ID,ORDER_ID,PAYMENT_MODE,PAYMENT_DATE,PAYMENT_STATUS,AMOUNT,LAST_UPDATED
5015,1015,CASH,2026-07-05,FAILED,200.00,2026-07-29 08:45:07.969
5009,1009,UPI,2026-07-09,SUCCESS,1500.00,2026-07-21 09:00:00.000
5005,1005,CASH,2026-07-05,FAILED,200.00,2026-07-29 08:45:07.969
5004,1004,CASH,2026-07-04,PENDING,2500.00,2026-07-21 09:00:00.000
5003,1003,NET_BANKING,2026-07-03,SUCCESS,7500.00,2026-07-21 09:00:00.000
5008,1008,DEBIT_CARD,2026-07-08,REFUNDED,3600.00,2026-07-21 09:00:00.000
5002,1002,UPI,2026-07-02,SUCCESS,50000.00,2026-07-21 09:00:00.000
5007,9999,UPI,2026-07-07,SUCCESS,3000.00,2026-07-21 09:00:00.000
5001,1001,CREDIT_CARD,2026-07-01,SUCCESS,65000.00,2026-07-21 09:00:00.000
